{
    "rigToUse": 0,
    "targetFrameRate": 120,
    "reprojectionSettings": 0,
    "nativeShaderToUse": 1,
    "myOffsets": {
        "TranslationEyeToLeapMotion": {
            "x": -0.02438996732234955,
            "y": 0.05640739947557449,
            "z": 0.10895003378391266
        },
        "RotationEyeToLeapMotion": {
            "x": 0.18073132634162904,
            "y": 0.06474796682596207,
            "z": -0.03374912962317467,
            "w": 0.980818510055542
        },
        "TranslationFromTracker": {
            "x": 0.0,
            "y": 0.0,
            "z": 0.0
        },
        "RotationFromTracker": {
            "x": -0.13052619993686677,
            "y": 0.0,
            "z": 0.0,
            "w": 0.9914448857307434
        },
        "RGBSensorTranslationFromTracker": {
            "x": 0.0010000000474974514,
            "y": -0.0017000000225380064,
            "z": -0.050999999046325687
        },
        "RGBSensorRotationFromTracker": {
            "x": 0.3269999921321869,
            "y": 0.0560000017285347,
            "z": 0.05000000074505806,
            "w": 0.9419999718666077
        }
    },
    "v2CalibrationValues": {
        "left_uv_to_rect_x": [
            -0.5386235117912293,
            0.1685837060213089,
            -0.4048754572868347,
            -0.0819363072514534,
            1.0914368629455567,
            -0.47311726212501528,
            1.0139892101287842,
            -0.5650150179862976,
            -0.42331188917160036,
            0.6448405385017395,
            -1.5904825925827027,
            1.1834293603897095,
            0.3410951495170593,
            -0.612615704536438,
            1.0686030387878419,
            -0.6847047209739685
        ],
        "left_uv_to_rect_y": [
            -0.5908756256103516,
            1.305557370185852,
            -0.6827447414398193,
            0.44579195976257326,
            0.15549476444721223,
            -0.1486915946006775,
            0.6882342100143433,
            -0.4431705176830292,
            -0.10401060432195664,
            0.5271169543266296,
            -1.3993704319000245,
            0.9127750992774963,
            -0.08076290041208267,
            0.021737731993198396,
            0.5593714118003845,
            -0.33389005064964297
        ],
        "right_uv_to_rect_x": [
            -0.5094582438468933,
            0.3035307228565216,
            -0.10152170062065125,
            0.1549663245677948,
            1.3941738605499268,
            -1.3788434267044068,
            1.460088849067688,
            -0.4676353931427002,
            -0.7890114188194275,
            1.844307780265808,
            -2.472243309020996,
            1.2347608804702759,
            0.4432038366794586,
            -0.971962034702301,
            1.5398887395858765,
            -0.8601651787757874
        ],
        "right_uv_to_rect_y": [
            -0.6240575313568115,
            1.7045804262161255,
            -0.8771825432777405,
            0.6083864569664002,
            0.3378814458847046,
            -1.1738660335540772,
            0.7778904438018799,
            -0.5869823694229126,
            -0.46922463178634646,
            1.1024727821350098,
            -0.46758872270584109,
            0.26948311924934389,
            0.1631552278995514,
            -0.3671533465385437,
            -0.06087258458137512,
            0.10853768140077591
        ],
        "left_eye_offset": [
            0.0,
            0.0
        ],
        "right_eye_offset": [
            0.0,
            0.0
        ]
    },
    "v1CalibrationValues": {
        "leftEye": {
            "ellipseMinorAxis": 0.24494899809360505,
            "ellipseMajorAxis": 0.3099985122680664,
            "screenForward": {
                "x": 0.5140379071235657,
                "y": -0.2891080379486084,
                "z": 0.8075775504112244
            },
            "screenPosition": {
                "x": -0.07188151031732559,
                "y": -0.008429261855781079,
                "z": 0.026248455047607423
            },
            "eyePosition": {
                "x": -0.029943088069558145,
                "y": -0.003366167191416025,
                "z": -0.00427968380972743
            },
            "eyeRotation": {
                "x": 7.395533370627759e-32,
                "y": 1.7763568394002506e-15,
                "z": 1.1241009818395605e-14,
                "w": 1.0
            },
            "cameraProjection": {
                "x": -0.699999988079071,
                "y": 0.699999988079071,
                "z": 0.30000001192092898,
                "w": -1.399999976158142
            },
            "sphereToWorldSpace": {
                "e00": 0.05101080238819122,
                "e01": 0.06071346998214722,
                "e02": 0.29330453276634219,
                "e03": -0.11233785003423691,
                "e10": 0.0,
                "e11": 0.23695310950279237,
                "e12": -0.07855913043022156,
                "e13": 0.026850363239645959,
                "e20": -0.23957861959934236,
                "e21": 0.012927045114338398,
                "e22": 0.062450066208839419,
                "e23": -0.046845193952322009,
                "e30": 0.0,
                "e31": 0.0,
                "e32": 0.0,
                "e33": 1.0
            },
            "worldToScreenSpace": {
                "e00": 1.8454549312591553,
                "e01": 14.493172645568848,
                "e02": 4.013805866241455,
                "e03": 0.14946463704109193,
                "e10": -14.294207572937012,
                "e11": -0.6365562677383423,
                "e12": 8.87063980102539,
                "e13": -1.265695571899414,
                "e20": 0.5140379071235657,
                "e21": -0.2891080975532532,
                "e22": 0.8075775504112244,
                "e23": 0.013315193355083466,
                "e30": 0.0,
                "e31": 0.0,
                "e32": 0.0,
                "e33": 1.0
            }
        },
        "rightEye": {
            "ellipseMinorAxis": 0.24494899809360505,
            "ellipseMajorAxis": 0.3099985122680664,
            "screenForward": {
                "x": -0.42177313566207888,
                "y": -0.18166834115982057,
                "z": 0.8883152604103088
            },
            "screenPosition": {
                "x": 0.07054391503334046,
                "y": -0.009491059929132462,
                "z": 0.028982438147068025
            },
            "eyePosition": {
                "x": 0.029943088069558145,
                "y": -0.003366167191416025,
                "z": -0.00427968380972743
            },
            "eyeRotation": {
                "x": 7.395533370627759e-32,
                "y": 1.7763568394002506e-15,
                "z": 1.1241009818395605e-14,
                "w": 1.0
            },
            "cameraProjection": {
                "x": -0.699999988079071,
                "y": 0.699999988079071,
                "z": 0.30000001192092898,
                "w": -1.399999976158142
            },
            "sphereToWorldSpace": {
                "e00": 0.05101081356406212,
                "e01": -0.060713451355695727,
                "e02": -0.29330453276634219,
                "e03": 0.11538401991128922,
                "e10": 0.0,
                "e11": 0.23695312440395356,
                "e12": -0.07855910062789917,
                "e13": 0.025588704273104669,
                "e20": 0.23957861959934236,
                "e21": 0.0129270413890481,
                "e22": 0.062450066208839419,
                "e23": -0.04654233157634735,
                "e30": 0.0,
                "e31": 0.0,
                "e32": 0.0,
                "e33": 1.0
            },
            "worldToScreenSpace": {
                "e00": -1.1463184356689454,
                "e01": 14.899345397949219,
                "e02": 2.502774715423584,
                "e03": 0.1497398465871811,